ID,Full Name In English,Email Address,Phone Number,LinkedIn Account,Are you an IEEE member?,IEEE Membership ID,What best describes you?,University Name,Major,Major Category,Company / Organization Name,Position,How did you hear about AI Expo Jordan 2026?,Which ambassador referred you?,Tags,Tickets,Data Quality Notes
1,Abdallah Hajaj,abdallah.hajaj07@gmail.com,+962797289551,https://www.linkedin.com/in/abdallah-hajaj,Yes,102266541,Undergraduate,Applied Science Private University,Software Engineering,Computer Science and Information Technology,,,Ambassadors,Abdallah Hajaj,,,
2,Abdelsamad Jaradat,abdelsamadjaradat@gmail.com,+962772618614,,Yes,100780424,Graduate,Jadara University,Cybersecurity,Cybersecurity and Network Security,,,Ambassadors,Sarah Jamal Irshaid,,,
3,Abdullah Mohammed Eid Banihani,abdullah.banihani22@gmail.com,+962790623128,https://www.linkedin.com/in/abdullah-banihani-57b388416,Yes,102299569,Undergraduate,Jordan University of Science and Technology,Computer Science,Computer Science and Information Technology,,,Ambassadors,Obaida Karam Migdady,,,
4,Abdullah Samer Meryan,abdullah.meryan@gmail.com,+962776769988,Abdullah Meryan,No,,Undergraduate,The Hashemite University,Business Information Technology,Business and Management,,,Family / Friends,,,,LinkedIn entry is text rather than a profile URL
5,Abdullah Wael Hamed Smadi,abdullahsmadi01@gmail.com,+962785268883,https://www.linkedin.com/in/abdullah-smadi-480ba5209,No,,Graduate,Al-Balqa Applied University,Management Information Systems,Business and Management,,,Social Media (LinkedIn / Instagram / Other),,,,
6,Abed Alwahab Mohammd Al-Hariri,wahebholoku@gmail.com,+962796403352,Abdulwahab Al-Hariri,No,,Undergraduate,Philadelphia University,Data Science and Artificial Intelligence,"Artificial Intelligence, Data Science and Robotics",,,Ambassadors,Taqwa Basim Mahmoud Daoud,,,LinkedIn entry is text rather than a profile URL
7,Ahmad Ababneh,ahmadababnh2005@gmail.com,+962798894696,https://www.linkedin.com/in/ahmad-ababneh-azaa,Yes,101741982,Undergraduate,Irbid National University,Computer Science,Computer Science and Information Technology,,,Ambassadors,Jouly Bawab,,,
8,Ahmad Abdelsalam Mohammad Alshunnaq,molealshunnaq@gmail.com,+962795606232,,Yes,102235579,Undergraduate,Yarmouk University,Medical Engineering,Engineering,,,University Announcements,,,,
9,Ahmad Abujudeh,ahmadabujudeh205@gmail.com,+962775509906,,Yes,101594074,Undergraduate,Jadara University,Computer Science,Computer Science and Information Technology,,,Ambassadors,Sarah Jamal Irshaid,,,
10,Ahmad AbuSheikha,ahmad.abusheikha@icloud.com,+962799822332,,Yes,102020209,Undergraduate,Amman Arab University,Computer Science,Computer Science and Information Technology,,,Ambassadors,Jana Hannoush,,,
11,Ahmad ALGhazzawi,alghazzawiahmad3@gmail.com,+962798103117,https://www.linkedin.com/in/ahmad-alghazzawi-1415a135a,Yes,,Undergraduate,The University of Jordan,Computer Engineering,Engineering,,,Family / Friends,,,,IEEE member selected Yes but membership ID is missing
12,Ahmad Alomiri,ahmadalomiri513@gmail.com,+962796902348,,No,,Undergraduate,The University of Jordan,Business Information Technology,Business and Management,,,Social Media (LinkedIn / Instagram / Other),,,,
13,Ahmad Kamal Mohammad Baba,ahmadbaba2223@gmail.com,+962782774494,https://www.linkedin.com/in/ahmad-kamal-baba-5abb93402,Yes,102394132,Undergraduate,World Islamic Sciences and Education University,Computer Science,Computer Science and Information Technology,,,Social Media (LinkedIn / Instagram / Other),,,,
14,Ahmad Mahmmoud Ahmad Alkhlaileh,ahmadmahmmoud342@gmail.com,+962787321036,https://www.linkedin.com/in/ahmad-alkhalaileh-b59089230,No,,Undergraduate,Al-Balqa Applied University,Artificial Intelligence,"Artificial Intelligence, Data Science and Robotics",,,Social Media (LinkedIn / Instagram / Other),,,,
15,Ahmad Omar Abu Aldahab,ahmaddahb36@gmail.com,+962782145889,https://www.linkedin.com/in/ahmad-abu-aldahab-6061041a7,No,,Graduate,Al al-Bayt University,Cybersecurity,Cybersecurity and Network Security,,,Family / Friends,,,,
16,Ahmad Yazan Alabdallat,ahmadabdallat449@gmail.com,+962791746660,https://www.linkedin.com/in/ahmad-abdallat-1a10b3358,No,,Undergraduate,University of Petra,Information Security,Cybersecurity and Network Security,,,Family / Friends,,,,
17,Ahmed Abdallah Ismail Abuhashish,ahmmadabuashesh51@gmail.com,+962780348139,https://www.linkedin.com/in/ahmed-abuhashish-b5b749386,Yes,102601940,Undergraduate,Al-Balqa Applied University,Computer Science,Computer Science and Information Technology,,,Other,,,,
18,Aisha Al-Dalaeen,aishadalaeen@gmail.com,+962797470118,https://www.linkedin.com/in/aisha-al-dalaeen-880212354,No,,Graduate,Zarqa University,Artificial Intelligence,"Artificial Intelligence, Data Science and Robotics",,,Family / Friends,,,,
19,Aisha Ramzi Kamel Jebril,aisharamzi05@gmail.com,+962794760191,,No,,Undergraduate,The University of Jordan,Artificial Intelligence,"Artificial Intelligence, Data Science and Robotics",,,Social Media (LinkedIn / Instagram / Other),,,,
20,Aissar Yousef Suleiman Alshraiedheh,shredhaesr0@gmail.com,+962776640792,,Yes,102086495,Undergraduate,Al-Hussein Bin Talal University,Data Science and Artificial Intelligence,"Artificial Intelligence, Data Science and Robotics",,,IEEE Official Website,,,,
21,Aktham Naeem Muhammad Al-Momani,hmamrhmndhr27@gmail.com,+962795163618,https://www.linkedin.com/in/aktham-almumini-249041410,Yes,102399773,Undergraduate,Al al-Bayt University,Industrial Engineering,Engineering,,,Social Media (LinkedIn / Instagram / Other),,,,
22,Alia Ahmad Aladwan,7aliaaladwan7@gmail.com,+962782866213,,No,,Undergraduate,The University of Jordan,Cybersecurity,Cybersecurity and Network Security,,,University Announcements,,,,
23,Alswsnah Ibrahim Albawared,alswsnah.ib@gmail.com,+962772624314,,No,,Undergraduate,The University of Jordan,Computer Engineering,Engineering,,,Social Media (LinkedIn / Instagram / Other),,,,
24,Amin Shahin,ami20240147@std.psut.edu.jo,+962782275780,Amin shahin,Yes,,Undergraduate,Princess Sumaya University for Technology,Computer Science,Computer Science and Information Technology,,,Social Media (LinkedIn / Instagram / Other),,,,LinkedIn entry is text rather than a profile URL; IEEE member selected Yes but membership ID is missing
25,Amro Mohammed Nabeel Abu Halimeh,amroabuhalema9@gmail.com,+962788031851,,Yes,101680050,Undergraduate,Zarqa University,Artificial Intelligence,"Artificial Intelligence, Data Science and Robotics",,,Social Media (LinkedIn / Instagram / Other),,,,
26,Anaam Hussien Raja Hamdan,anaamhamdan1978@gmail.com,+962782140244,Anaam Hamdan,Yes,101823638,Undergraduate,World Islamic Sciences and Education University,Network and Information Security,Cybersecurity and Network Security,,,Ambassadors,Jamal Ahmad Kifaya,,,LinkedIn entry is text rather than a profile URL
27,Anas Islam Rafiq Adas,anastrue27@gmail.com,+962775396600,https://www.linkedin.com/me,No,,Undergraduate,Al-Balqa Applied University,Computer Science,Computer Science and Information Technology,,,Family / Friends,,,,LinkedIn link is not a public profile link
28,Aram Haroun Nouh Ma’abdeh,aramharounouh@gmail.com,+962799327774,https://www.linkedin.com/in/aram-ma%E2%80%99abdeh-894b27390,Yes,,Undergraduate,The University of Jordan,Business Information Technology,Business and Management,,,Family / Friends,,,,IEEE member selected Yes but membership ID is missing
29,Aryam Ahmad Makahleh,aryammakahleh@gmail.com,+962798243465,,Yes,102288760,Undergraduate,Yarmouk University,Biomedical Engineering,Engineering,,,IEEE Official Website,,,,
30,Assal Akram Mahmoud Al Nabulsi,assalalnabulsi@gmail.com,+962796785702,,Yes,101752457,Undergraduate,Al-Hussein Bin Talal University,Computer Engineering,Engineering,,,Social Media (LinkedIn / Instagram / Other),,,,
31,Aya Ali Nofal Nofal,ayanofal20055@gmail.com,+962797586225,,No,,Undergraduate,Mutah University,Computer Information Systems,Computer Science and Information Technology,,,Ambassadors,Lujain Madadha,,,
32,Aya Allaria,ayaallaria@gmail.com,+962797290176,https://www.linkedin.com/in/aya-allaria,Yes,102177347,Undergraduate,Al al-Bayt University,Computer Information Systems,Computer Science and Information Technology,,,Ambassadors,Farah Mohammad Khalaf Bani Sakhr,,,
33,Aya Haitham Shaker Masoud,aya.masoud.webaya@gmail.com,+962793050509,,No,,Company / Startup Manager,,,Not Provided,Core Nova,Founder,Family / Friends,,,,
34,Ayham Bader Tannous,ayhamtannous0@gmail.com,+962792440202,Ayham Tannous,No,,Undergraduate,The University of Jordan,Cybersecurity,Cybersecurity and Network Security,,,Family / Friends,,,,LinkedIn entry is text rather than a profile URL
35,Bahaa Saed Naddaf,bahaasaed2007@gmail.com,+962702409305,,No,,Undergraduate,Tafila Technical University,Computer Engineering,Engineering,,,Family / Friends,,,,Phone prefix differs from the other registrations; verify
36,Banan Mohammed Ali Fayyad,bmfayyad@gmail.com,+962772743897,,Yes,102146829,Undergraduate,Jadara University,Cybersecurity,Cybersecurity and Network Security,,,Ambassadors,Sarah Jamal Irshaid,,,
37,Baraa Al Ajoory,aajoorybuz@gmail.com,+962789915100,Baraa AL Ajoory,No,,Undergraduate,Philadelphia University,Artificial Intelligence,"Artificial Intelligence, Data Science and Robotics",,,Ambassadors,Taqwa Basim Mahmoud Daoud,,,LinkedIn entry is text rather than a profile URL
38,Baraa Shalabi,baraashalabi282@gmail.com,+962770408302,https://www.linkedin.com/in/baraashalabi05,Yes,102781935,Undergraduate,Yarmouk University,Data Science and Artificial Intelligence,"Artificial Intelligence, Data Science and Robotics",,,Social Media (LinkedIn / Instagram / Other),,,,
39,Bashar Izzat Thaher Shaqour,busharshaqoor1@gmail.com,+962782679544,,Yes,100067228,Graduate,Al al-Bayt University,Computer Science,Computer Science and Information Technology,,,Family / Friends,,,,
40,Bashar Rami Mukbel,brmukbel24@cit.just.edu.jo,+962791117699,https://www.linkedin.com/in/bashar-mukbel-860a34323,Yes,100831613,Undergraduate,Jordan University of Science and Technology,Computer Science,Computer Science and Information Technology,,,Ambassadors,Obaida Karam Migdady,,,
41,Basheer Almomani,basheeralmomani06@gmail.com,+962777950244,,Yes,101126711,Undergraduate,The University of Jordan,Computer Engineering,Engineering,,,Family / Friends,,,,
42,Basil Ahmad Ismail Alessawi,bshihab33@gmail.com,+962781816714,Basel shihab,No,,Undergraduate,The University of Jordan,Cybersecurity,Cybersecurity and Network Security,,,Social Media (LinkedIn / Instagram / Other),,,,LinkedIn entry is text rather than a profile URL
43,Batool Alsmade,batoolalsmade@gmail.com,+962770152554,Batool Alsmade,No,,Undergraduate,Applied Science Private University,Data Science and Artificial Intelligence,"Artificial Intelligence, Data Science and Robotics",,,Family / Friends,,,,LinkedIn entry is text rather than a profile URL
44,Besan Awad,besanawad412@gmail.com,+962771391222,,Yes,102366194,Undergraduate,Al al-Bayt University,Computer Science,Computer Science and Information Technology,,,Family / Friends,,,,
45,Bilsan Amjad Anwar Alshboul,bilsan09216@gmail.com,+962788221617,,Yes,102023212,Undergraduate,Jadara University,Robotics and Artificial Intelligence,"Artificial Intelligence, Data Science and Robotics",,,University Announcements,,,,
46,Dalia Alkhatib,daliamalkhatib@gmail.com,+962792206602,,No,,Undergraduate,Princess Sumaya University for Technology,Computer Science,Computer Science and Information Technology,,,Family / Friends,,,,
47,Dana Alsadi,alsadid03@gmail.com,+962786078097,https://www.linkedin.com/in/dana-alsadi-a1851334a,No,,Undergraduate,The Hashemite University,Computer Engineering,Engineering,,,Family / Friends,,,,
48,Dana Alsaket,danasakit5@gmail.com,+962799266630,,No,,Undergraduate,The University of Jordan,Cybersecurity,Cybersecurity and Network Security,,,Family / Friends,,,,
49,Dana Jaafreh,danajaafreh4@gmail.com,+962791002321,,Yes,101935182,Undergraduate,The University of Jordan,Computer Information Systems,Computer Science and Information Technology,,,Family / Friends,,,,
50,Dana Khalid Farhan,danakhalidfarhan1@gmail.com,+962795623944,Dana farhan,Yes,102187913,Undergraduate,Al-Balqa Applied University,Computer Science,Computer Science and Information Technology,,,Family / Friends,,,,LinkedIn entry is text rather than a profile URL
51,Dania Emam Suleiman,daniaemam8@gmail.com,+962791998541,https://www.linkedin.com/in/dania-suleiman-639393351,Yes,101732234,Undergraduate,Al-Hussein Bin Talal University,Network and Information Security Engineering,Cybersecurity and Network Security,,,Ambassadors,Leen Mohammad Assi,,,
52,Dania Ghunaim,daniaghunaim138@gmail.com,+962799723535,,No,,Undergraduate,American University of Madaba,Computer Science,Computer Science and Information Technology,,,Family / Friends,,,,
53,Dania Kamal Abbaas,dania.abass.77i@gmail.com,+962782546442,,Yes,12,Undergraduate,The University of Jordan,Business Information Technology,Business and Management,,,Social Media (LinkedIn / Instagram / Other),,,,IEEE membership ID looks incomplete or like a placeholder; verify
54,Dareen Read Albadi,dareenraed2004@gmail.com,+962796887560,,No,,Undergraduate,Al-Balqa Applied University,Computer Engineering,Engineering,,,Social Media (LinkedIn / Instagram / Other),,,,
55,Darien Mahmoud Awad Dawood,dariendawood412@gmail.com,+962790800826,https://www.linkedin.com/in/darien-dawood-a5b3b01b3,No,,Graduate,Zarqa University,Artificial Intelligence,"Artificial Intelligence, Data Science and Robotics",,,Family / Friends,,,,
56,Deyaauldeen Mohammad Abdelrahman,deyaamalkawi1979@gmail.com,+962777861784,https://linkedin.com/in/deyaa-malkawi-155a233a1,No,,Undergraduate,Al-Ahliyya Amman University,Software Engineering,Computer Science and Information Technology,,,Social Media (LinkedIn / Instagram / Other),,,,
57,Dima Yaseen,dimalababneh@gmail.com,+962770442014,https://www.linkedin.com/in/dima-yaseen-19931039a,Yes,102344208,Undergraduate,Jordan University of Science and Technology,Artificial Intelligence,"Artificial Intelligence, Data Science and Robotics",,,IEEE Official Website,,,,
58,Diya’ Dheif Allah Mohammad Khashman,dalkhashman@gmail.com,+962798886563,,No,,Undergraduate,The University of Jordan,Computer Engineering,Engineering,,,Social Media (LinkedIn / Instagram / Other),,,,
59,Dyaa Omari,dyaaomari10@gmail.com,+962782160226,,Yes,,Academic / Researcher,,,Not Provided,,,Family / Friends,,,,IEEE member selected Yes but membership ID is missing
60,Emad Abedel Kareem Alhazaimeh,emadalhazaimeh2006@gmail.com,+962776540865,,No,,Undergraduate,Jadara University,Computer Networks and Cybersecurity,Cybersecurity and Network Security,,,Social Media (LinkedIn / Instagram / Other),,,,
61,Eman Jamal Thaher,emanthaher91@gmail.com,+962791548664,,No,,Undergraduate,The University of Jordan,Computer Information Systems,Computer Science and Information Technology,,,Social Media (LinkedIn / Instagram / Other),,,,
62,Eman Subaih Salem Balawnah,emanbalawneh2005@gmail.com,+962795563931,,Yes,102315457,Undergraduate,Jadara University,Robotics and Artificial Intelligence,"Artificial Intelligence, Data Science and Robotics",,,Ambassadors,Sarah Jamal Irshaid,,,
63,Esam Mohammed Hekmat Al-Kalaldeh,ekalaldeh@gmail.com,+962792745070,,Yes,100619580,Undergraduate,Middle East University,Computer Science,Computer Science and Information Technology,,,Other,,,,
64,Esra’a Basem Taher Alkhatib,israaalkhateeb123@gmail.com,+962796632437,https://www.linkedin.com/in/esraa-alkhatib-437574278,Yes,102124718,Undergraduate,University of Petra,Computer Science (Virtual and Augmented Reality),Computer Science and Information Technology,,,Family / Friends,,,,
65,Fadwa Khaled Ezz,fadwaezz732@gmail.com,+962793888903,,Yes,101836049,Undergraduate,Zarqa University,Data Science and Artificial Intelligence,"Artificial Intelligence, Data Science and Robotics",,,Family / Friends,,,,
66,Faisal Hatamleh,hatamlehfaisal202@gmail.com,+962779003600,Faisal Hatamleh,No,,Undergraduate,Jordan University of Science and Technology,Artificial Intelligence,"Artificial Intelligence, Data Science and Robotics",,,Social Media (LinkedIn / Instagram / Other),,,,LinkedIn entry is text rather than a profile URL
67,Farah Abu Assab,farahehabessam06@gmail.com,+962781420220,,Yes,102208372,Undergraduate,Al-Balqa Applied University,Computer Science,Computer Science and Information Technology,,,Ambassadors,Jana Hannoush,,,
68,Farah Baha Alsaid,farahbaha2200@gmail.com,+962777692522,https://www.linkedin.com/in/farah-al-said-275a1b3b6,Yes,102362956,Undergraduate,Jadara University,Artificial Intelligence,"Artificial Intelligence, Data Science and Robotics",,,IEEE Official Website,,,,
69,Farah Jehad Alfares,farahalfares05@gmail.com,+962779458145,,Yes,102191725,Undergraduate,Al-Hussein Bin Talal University,Computer Engineering,Engineering,,,Social Media (LinkedIn / Instagram / Other),,,,IEEE Membership ID also used by registration ID 150; retained for review
70,Farahnasseralkhrabsheh,farahalkhrabsheh9@gmail.com,+962797966133,,No,,Graduate,Al-Balqa Applied University,Artificial Intelligence and Robotics Engineering,"Artificial Intelligence, Data Science and Robotics",,,Family / Friends,,,,
71,Fares Jebril,faresjebril@ieee.org,+962797553932,https://www.linkedin.com/in/faresjebril,Yes,100659854,Undergraduate,Amman Arab University,Cybersecurity,Cybersecurity and Network Security,,,Other,,,,
72,Fares Muhyar,far20240876@std.psut.edu.jo,+962796049622,Fares Muhyar,No,,Undergraduate,Princess Sumaya University for Technology,Data Science and Artificial Intelligence,"Artificial Intelligence, Data Science and Robotics",,,Social Media (LinkedIn / Instagram / Other),,,,LinkedIn entry is text rather than a profile URL
73,Fatima Hussein Al Ali,me2785132@gmail.com,+962795963722,,Yes,101907486,Undergraduate,Zarqa University,Artificial Intelligence and Robotics Engineering,"Artificial Intelligence, Data Science and Robotics",,,Family / Friends,,,,
74,Forat Husam Alsaheim,foratbanysakher02@gmail.com,+962797038130,,Yes,101809137,Undergraduate,Mutah University,Computer Engineering,Engineering,,,Social Media (LinkedIn / Instagram / Other),,,,
75,Ghadeer Jamal Aldehayyat,ghadeermama1@gmail.com,+962779408871,,Yes,102020944,Undergraduate,Jordan University of Science and Technology,Artificial Intelligence,"Artificial Intelligence, Data Science and Robotics",,,Family / Friends,,,,
76,Ghadeer Magableh,ghadeerqoblan@gmail.com,+962782495220,https://www.linkedin.com/in/ghadeer-magableh-ba489133a,No,,Undergraduate,The University of Jordan,Cybersecurity,Cybersecurity and Network Security,,,Social Media (LinkedIn / Instagram / Other),,,,
77,Ghena Khaled Alrababah,ghena07rababah@hotmail.com,+962775739165,https://www.linkedin.com/in/ghena-alrababah-24b338411,Yes,102776815,Undergraduate,Philadelphia University,Software Engineering,Computer Science and Information Technology,,,Ambassadors,Taqwa Basim Mahmoud Daoud,,,
78,Hadeel Saad,hadeelissamsaad5@gmail.com,+962795507843,,Yes,102283247,Undergraduate,Applied Science Private University,Computer Science,Computer Science and Information Technology,,,Social Media (LinkedIn / Instagram / Other),,,,
79,Hajes Salah Al-Omoush,salahhajes2002@gmail.com,+962792002195,Hajes al-omoush,No,,Undergraduate,The University of Jordan,Artificial Intelligence,"Artificial Intelligence, Data Science and Robotics",,,Family / Friends,,,,LinkedIn entry is text rather than a profile URL
80,Hala Alnajjar,robothuman97@gmail.com,+962795633603,Hala,No,,Undergraduate,Middle East University,Cybersecurity,Cybersecurity and Network Security,,,Other,,,,LinkedIn entry is text rather than a profile URL
81,Hala Radaideh,halaradaideh00@gmail.com,+962797855608,https://www.linkedin.com/in/halaradaideh,Yes,100953091,Undergraduate,Al-Balqa Applied University,Computer Engineering,Engineering,,,Social Media (LinkedIn / Instagram / Other),,,,
82,Hala Sarmad Hasan Abulaila,hala.sarmad.2005@gmail.com,+962796986353,https://www.linkedin.com/in/hala-abulaila-682583372,No,,Undergraduate,Applied Science Private University,Computer Science,Computer Science and Information Technology,,,Family / Friends,,,,
83,Hamzah Almasri,hamzah20.masri@gmail.com,+962790348708,https://www.linkedin.com/in/hamzah-almasri-aa916934a,No,,Graduate,The University of Jordan,Computer Information Systems,Computer Science and Information Technology,,,Ambassadors,Mohammad Eyad Tbakhi,,,
84,Hamzah Rababah,rababahhamzah64@gmail.com,+962781825235,,Yes,101566147,Undergraduate,Jadara University,Computer Science,Computer Science and Information Technology,,,Ambassadors,Sarah Jamal Irshaid,,,
85,Hashim Al-Hawatmah,hashem.hoatma@gmail.com,+962781216262,https://www.linkedin.com/in/hashim-alhawatmah,No,,Undergraduate,The University of Jordan,Artificial Intelligence,"Artificial Intelligence, Data Science and Robotics",,,Family / Friends,,,,
86,Hassan Khaled Masallam Aldajah,hsn0222600@ju.edu.jo,+962778721521,,No,,Graduate,The University of Jordan,Cybersecurity,Cybersecurity and Network Security,,,Social Media (LinkedIn / Instagram / Other),,,,
87,Haya Braish,hayabraish5@gmail.com,+962790599326,,Yes,,Undergraduate,The University of Jordan,Computer Information Systems,Computer Science and Information Technology,,,Other,,,,IEEE member selected Yes but membership ID is missing
88,Heba Mohanad Fuad Abu Al-Haija,heba40261@gmail.com,+962791552824,,Yes,102617007,Graduate,Zarqa University,Artificial Intelligence,"Artificial Intelligence, Data Science and Robotics",,,University Announcements,,,,
89,Hiba Talal Al-Jahamneh,talalhiba11@gmail.com,+962797959755,Hiba Al-Jahamneh,Yes,101397774,Undergraduate,The Hashemite University,Computer Engineering,Engineering,,,Social Media (LinkedIn / Instagram / Other),,,,LinkedIn entry is text rather than a profile URL
90,Hind Barakat,sweethind2006@gmail.com,+962791777629,,No,,Undergraduate,The University of Jordan,Pharmacy,Health Sciences,,,Ambassadors,Zeena Shayyab,,,
91,Husam Aldeen Saleh,husamsaleh.eng@gmail.com,+962797420080,https://www.linkedin.com/in/husamvsaleh,No,,Company / Startup Manager,,,Not Provided,MUZN,CEO,Family / Friends,,,,
92,Iman Hindi,eng.eman.hindi@gmail.com,+962797374869,,Yes,100171301,Academic / Researcher,,,Not Provided,,,Social Media (LinkedIn / Instagram / Other),,,,
93,Islam Ali Abu Afifeh,islamabuafifh@gmail.com,+962785078820,,No,,Graduate,Other,Network and Information Security,Cybersecurity and Network Security,,,Family / Friends,,,,University specified as Other without a name
94,Jamal Ahmad Kifaya,jamalkifaya66@gmail.com,+962786262620,https://www.linkedin.com/in/jamal-kifaya-a6402b371,Yes,101740000,Undergraduate,World Islamic Sciences and Education University,Software Engineering,Computer Science and Information Technology,,,Ambassadors,Jamal Ahmad Kifaya,,,
95,Jana Baha Eddin Abukhait,abukhaitjana@gmail.com,+962797182166,https://www.linkedin.com/in/janaabukhait,Yes,100124894,Undergraduate,Al-Balqa Applied University,Software Engineering,Computer Science and Information Technology,,,Social Media (LinkedIn / Instagram / Other),,,,
96,Jana Hannoush,janahannoush@gmail.com,+962795023291,https://www.linkedin.com/in/jana-hannoush,Yes,100677456,Undergraduate,Amman Arab University,Data Science and Artificial Intelligence,"Artificial Intelligence, Data Science and Robotics",,,Ambassadors,Jana Hannoush,,,
97,Jana Shannak,janashannak2004@gmail.com,+962793311414,,Yes,100606929,Undergraduate,The University of Jordan,Computer Engineering,Engineering,,,Social Media (LinkedIn / Instagram / Other),,,,
98,Janna Maged Mutleq Alwekhyan,jannaalwekhean2@gmail.com,+962797998370,,No,,Graduate,The University of Jordan,Data Science,"Artificial Intelligence, Data Science and Robotics",,,Family / Friends,,,,
99,Jasmine Nasser Ibrahim Bawaneh,bigger-hiker6r@icloud.com,+962772509566,https://www.linkedin.com/in/jasmine-bawaneh-991969341,Yes,102666695,Undergraduate,Zarqa University,Artificial Intelligence,"Artificial Intelligence, Data Science and Robotics",,,University Announcements,,,,
100,Jasmine Kazziha,jasmineqazziha@gmail.com,+962798541043,https://www.linkedin.com/in/jasmine-kazziha-749b6534a,Yes,102756610,Undergraduate,Yarmouk University,Computer Engineering (Internet of Things),Engineering,,,IEEE Official Website,,,,
101,Jehad Aljafari,aljafarijehad@gmail.com,+962796978922,Jehad AlJafari,No,,Undergraduate,The University of Jordan,Computer Science,Computer Science and Information Technology,,,Family / Friends,,,,LinkedIn entry is text rather than a profile URL
102,Jehan Khalil,jehanahmas@ieee.org,+962778230110,,Yes,98663138,Undergraduate,The University of Jordan,Computer Engineering,Engineering,,,University Announcements,,,,
103,Jenan Fuad Sarhan,jenansarhan15@gmail.com,+962791739386,,Yes,101260493,Undergraduate,Jadara University,Artificial Intelligence,"Artificial Intelligence, Data Science and Robotics",,,Ambassadors,Sarah Jamal Irshaid,,,
104,Jenan Jehad Alqawasmi,jenan.jqawasmi@gmail.com,+962796832120,,Yes,101695393,Undergraduate,Zarqa University,Computer Science,Computer Science and Information Technology,,,IEEE Official Website,,,,
105,Jodi Yasser Abu-Lubbad,jodiabulubbad04@gmail.com,+962780286226,https://www.linkedin.com/in/jodi-abu-lubbad-83b0962aa,Yes,101047945,Undergraduate,Philadelphia University,Data Science and Artificial Intelligence,"Artificial Intelligence, Data Science and Robotics",,,Family / Friends,,,,
106,Joud Mahmoud Alsaket,joudalsaket996@gmail.com,+962771055530,https://www.linkedin.com/in/joud-alsaket-018a41361,Yes,100871217,Undergraduate,Al-Balqa Applied University,Computer Science,Computer Science and Information Technology,,,Family / Friends,,,,
107,Jouly Sagr Al-Bawab,bawabjouly@gmail.com,+962786100816,,Yes,101812542,Undergraduate,Irbid National University,Computer Science,Computer Science and Information Technology,,,University Announcements,,,,
108,Jude Loui Barakat Aldroubi,judealdroubi9@gmail.com,+962778295645,Jude aldroubi,Yes,101915559,Undergraduate,The Hashemite University,Electrical Engineering,Engineering,,,Family / Friends,,,,LinkedIn entry is text rather than a profile URL
109,Karam Khasawneh,karam200566@gmail.com,+962776851290,,Yes,100771063,Undergraduate,Jadara University,Robotics and Artificial Intelligence,"Artificial Intelligence, Data Science and Robotics",,,Ambassadors,Sarah Jamal Irshaid,,,
110,Khaled Al-Awaysheh,khaled.mnawer.jo@gmail.com,+962792610260,,Yes,100904832,Undergraduate,The University of Jordan,Cybersecurity,Cybersecurity and Network Security,,,Other,,,,
111,Khalid Alotaiby,khaled.alotaiby@outlook.com,+962775733669,,No,,Undergraduate,Yarmouk University,Business Information Technology,Business and Management,,,Family / Friends,,,,
112,Khalid Emaddin Awni Sawafta,khalidemad262@gmail.com,+962775038260,khalid mohammad,No,,Undergraduate,The University of Jordan,Business Information Technology,Business and Management,,,Family / Friends,,,,LinkedIn entry is text rather than a profile URL
113,Laila Smadi,lailasmadi342@gmail.com,+962791670021,,No,,Undergraduate,The University of Jordan,Computer Science,Computer Science and Information Technology,,,Social Media (LinkedIn / Instagram / Other),,,,
114,Laith Bassam Mahmoud Jaber,laith.basam669@gmail.com,+962778826785,https://www.linkedin.com/in/laith-jaber-5290222b0,Yes,101714728,Undergraduate,Al al-Bayt University,Data Science and Artificial Intelligence,"Artificial Intelligence, Data Science and Robotics",,,Social Media (LinkedIn / Instagram / Other),,,,
115,Laith Saed Zuraiki,laithzuraiki@gmail.con,+962796764233,,No,,Undergraduate,Princess Sumaya University for Technology,Computer Science,Computer Science and Information Technology,,,Other,,,,
116,Lamar Waddah Al Awajeen,waddahlamar@gmail.com,+962791313661,Lamar Alawajeen,No,,Undergraduate,The University of Jordan,Cybersecurity,Cybersecurity and Network Security,,,Family / Friends,,,,LinkedIn entry is text rather than a profile URL
117,Lana Akram Ahmad Abueideh,lanaabueideh00@gmail.com,+962795781650,,No,,Undergraduate,The University of Jordan,Artificial Intelligence,"Artificial Intelligence, Data Science and Robotics",,,Social Media (LinkedIn / Instagram / Other),,,,
118,Leath Asad Abu Rumman,leathrumman@gmail.com,+962772541046,,Yes,100791383,Undergraduate,The University of Jordan,Cybersecurity,Cybersecurity and Network Security,,,Social Media (LinkedIn / Instagram / Other),,,,
119,Leen Ibrahim Alzuriqat,leenzuriqattt@gmail.com,+962775888077,,No,,Undergraduate,The University of Jordan,Cybersecurity,Cybersecurity and Network Security,,,Family / Friends,,,,
120,Loay Abd-Alqader Al-Qaoud,loayqaoud2@gmail.com,+962776202959,https://www.linkedin.com/in/loiy-alqa%E2%80%99od-755640300,Yes,101675966,Graduate,Yarmouk University,Biomedical Engineering,Engineering,,,IEEE Official Website,,,,
121,Lujain Ismail Mohammad Alyahya,lujainmalkawi917@gmail.com,+962790084313,,No,,Undergraduate,Jadara University,Robotics and Artificial Intelligence,"Artificial Intelligence, Data Science and Robotics",,,University Announcements,,,,
122,Ma’in Alzyoud,maenzyood@yahoo.com,+962771099996,,No,,Undergraduate,The University of Jordan,Computer Science,Computer Science and Information Technology,,,Family / Friends,,,,
123,Mahmoud Abusahyoun,abusahyoun.26@gmail.com,+962782329729,,No,,Undergraduate,Al Hussein Technical University,Data Science and Artificial Intelligence,"Artificial Intelligence, Data Science and Robotics",,,Ambassadors,Mahmoud Abdelrazzaq Mustafa Abusahyoun,,,
124,Mahmoud Arabi Al-Saadi,yousef.arabi004@gmail.com,+962770724213,,Yes,100779859,Undergraduate,Jadara University,Computer Networks and Cybersecurity,Cybersecurity and Network Security,,,Ambassadors,Sarah Jamal Irshaid,,,
125,Majd Akram Mousa Saleh,softeng195@gmail.com,+962798118572,Majd Athamneh,Yes,102313830,Undergraduate,Jadara University,Software Engineering,Computer Science and Information Technology,,,Ambassadors,Sarah Jamal Irshaid,,,LinkedIn entry is text rather than a profile URL
126,Majd Owaida,majdw099@gmail.com,+962785847500,,Yes,100949186,Undergraduate,Philadelphia University,Computer Science,Computer Science and Information Technology,,,Social Media (LinkedIn / Instagram / Other),,,,
127,Malak Al-Mashakbah,malakradwan11@gmail.com,+962772650260,,Yes,,Company / Startup Manager,,,Not Provided,Oia,Founder,University Announcements,,,,IEEE member selected Yes but membership ID is missing
128,Malak AlShogran,malakhaitham_05@icloud.com,+962795738070,,Yes,101789606,Undergraduate,Jadara University,Artificial Intelligence,"Artificial Intelligence, Data Science and Robotics",,,IEEE Official Website,,,,
129,Manar Ahmad Ibrahim Derbashi,manar102006@yahoo.com,+962796449368,https://www.linkedin.com/in/manar-derbashi-75a911375,Yes,101890917,Undergraduate,World Islamic Sciences and Education University,Software Engineering,Computer Science and Information Technology,,,Family / Friends,,,,
130,Manar Ma'n Mo'ien Abu Irsheid,manarabuirsheid@gmail.com,+962781302125,,No,,Academic / Researcher,,,Not Provided,,,Family / Friends,,,,
131,Mayar Mohammed Abohayya,mayarabohayya62@gmail.com,+962798509932,https://www.linkedin.com/in/mayar-abohayya-a013b5342,Yes,100124455,Undergraduate,Al-Hussein Bin Talal University,Computer Science,Computer Science and Information Technology,,,Other,,,,
132,Moath Nabil Alsayori,moathemadred@gmail.com,+962798115979,Moath Alsayori,Yes,101813840,Undergraduate,Al al-Bayt University,Cybersecurity,Cybersecurity and Network Security,,,Family / Friends,,,,LinkedIn entry is text rather than a profile URL
133,Mohammad Abu Ghoush,kilroy.mo16@gmail.com,+962797543385,https://www.linkedin.com/in/mohammad-abu-ghoush-8053501b2,No,,Undergraduate,The University of Jordan,Industrial Engineering,Engineering,,,Social Media (LinkedIn / Instagram / Other),,,,
134,Mohammad Ahid Nayef Alqatarneh,mhmdalqtarnh14@gmail.com,+962780349462,,No,,Undergraduate,German Jordanian University,Computer Science,Computer Science and Information Technology,,,Other,,,,
135,Mohammad Ali Lobani,mohammedalilobani@gmail.com,+962782645523,,Yes,102208244,Graduate,Irbid National University,Software Engineering,Computer Science and Information Technology,,,IEEE Official Website,,,,
136,Mohammad Belal Zaqaibeh,zaqaibehmhd@gmail.com,+962776553217,,Yes,101320010,Undergraduate,Jadara University,Robotics and Artificial Intelligence,"Artificial Intelligence, Data Science and Robotics",,,University Announcements,,,,
137,Mohammad Eyad Tbakhi,mohamadtb.2005@gmqil.com,+962776572019,Mohammad tbakhi,Yes,101852855,Undergraduate,Yarmouk University,Biomedical Engineering,Engineering,,,Ambassadors,Mohammad Eyad Tbakhi,,,LinkedIn entry is text rather than a profile URL
138,Mohammad Ghassan Issa Abbadi,mohammadabbadi508@gmail.com,+962770501537,,Yes,,Undergraduate,Al-Balqa Applied University,Member,Unclassified,,,Family / Friends,,,,IEEE member selected Yes but membership ID is missing; Major entry Member does not identify a field of study
139,Mohammad Hasan Mohammad Harb,mhmad32harp@gmail.com,+962778269181,,No,,Graduate,Yarmouk University,Data Science and Artificial Intelligence,"Artificial Intelligence, Data Science and Robotics",,,Social Media (LinkedIn / Instagram / Other),,,,
140,Mohammad Muthana Mohammad Saleh,m7md.w.89@gmail.com,+962791192089,https://www.linkedin.com/in/mohamed-saleh-5139a235a,Yes,101776671,Undergraduate,Al al-Bayt University,Data Science and Artificial Intelligence,"Artificial Intelligence, Data Science and Robotics",,,Family / Friends,,,,
141,Mohammad Odeh,omao5844@gmail.com,+962797114742,https://www.linkedin.com/in/mohammad-odeh-85a417334,Yes,101771766,Undergraduate,Al al-Bayt University,Cybersecurity,Cybersecurity and Network Security,,,Family / Friends,,,,
142,Mohammad Qutaibah Anwar Althebyan,mohammedalthebyan07@gmail.com,+962791759602,,Yes,102029239,Undergraduate,Jordan University of Science and Technology,Computer Science,Computer Science and Information Technology,,,Family / Friends,,,,
143,Mohammad Rahhal,rhalmhmd444@gmail.com,+962795409238,Mohammad Rahhal,Yes,102288900,Undergraduate,Al-Hussein Bin Talal University,Computer Engineering,Engineering,,,Social Media (LinkedIn / Instagram / Other),,,,LinkedIn entry is text rather than a profile URL
144,Mohammad Salah Abu Hantash,mohammadabuhantash8@gmail.com,+962799467920,,No,,Undergraduate,The University of Jordan,Mechanical Engineering,Engineering,,,Social Media (LinkedIn / Instagram / Other),,,,
145,Mohammad Sufian Hashem,modi.sufian2000@gmail.com,+962789914998,,No,,Graduate,The University of Jordan,Dentistry,Health Sciences,,,Family / Friends,,,,
146,Mohammed Fahed Issa Saleh,mocreedmocreed@gmail.com,+962776428700,Mohammed Saleh,Yes,102674747,Undergraduate,Al-Balqa Applied University,Computer Science,Computer Science and Information Technology,,,Family / Friends,,,,LinkedIn entry is text rather than a profile URL
147,Mona Ahmad Mohammad Kreashan,kreashanmona@gmail.com,+962796473076,,No,,Undergraduate,The University of Jordan,Artificial Intelligence,"Artificial Intelligence, Data Science and Robotics",,,Social Media (LinkedIn / Instagram / Other),,,,
148,Morad Ahmad Essa Khalil,khalilmorad92@gmail.com,+962799674666,Morad Khalil,No,,Undergraduate,Applied Science Private University,Computer Science,Computer Science and Information Technology,,,Family / Friends,,,,LinkedIn entry is text rather than a profile URL
149,Mousa Saideen,mosamohd99@gmail.com,+962780879259,,Yes,100914401,Investor,,,Not Provided,,,Social Media (LinkedIn / Instagram / Other),,,,
150,Mozon Osamah Al-Kharabsheh,mozonkharabsheh555@gmail.com,+962796712322,Mozon alkharabsheh,Yes,102191725,Undergraduate,Al Hussein Technical University,Network and Information Security Engineering,Cybersecurity and Network Security,,,Ambassadors,Leen Mohammad Assi,,,LinkedIn entry is text rather than a profile URL; IEEE Membership ID also used by registration ID 69; retained for review
151,Mustafa Abughareebeh,moustafaayoub2005@gmail.com,+962788689285,,No,,Undergraduate,Al al-Bayt University,Data Science and Artificial Intelligence,"Artificial Intelligence, Data Science and Robotics",,,Family / Friends,,,,
152,Myrna Zakarneh,mernazakarneh123@gmail.com,+962785474011,Myrna Zakarneh,Yes,,Undergraduate,The University of Jordan,Computer Science,Computer Science and Information Technology,,,Family / Friends,,,,LinkedIn entry is text rather than a profile URL; IEEE member selected Yes but membership ID is missing
153,Nabil Alnatsheh,nabel.alnatsheh.2003@gmail.com,+962799785456,,No,,Graduate,The University of Jordan,Computer Information Systems,Computer Science and Information Technology,,,Family / Friends,,,,
154,Nagham Barari,naghambarari@gmail.com,+962797076908,,Yes,99735599,Undergraduate,The University of Jordan,Artificial Intelligence,"Artificial Intelligence, Data Science and Robotics",,,Family / Friends,,,,
155,Nancy Ahmad Waheed Al Aswad,nancyalaswad90@gmail.com,+962779809112,https://www.linkedin.com/in/nancy-al-aswad-b001b4124,No,,Academic / Researcher,,,Not Provided,,,University Announcements,,,,
156,Nawal Al-Ramadneh,nawalalramadneh@gmail.com,+962772652393,https://www.linkedin.com/in/nawal-al-ramadneh-00a827384,Yes,102386883,Undergraduate,World Islamic Sciences and Education University,Network and Information Security,Cybersecurity and Network Security,,,Family / Friends,,,,
157,Nour Abu Fares,nourabufares22@gmail.com,+962799386561,Nour Abu-Fares,No,,Undergraduate,American University of Madaba,Computer Science,Computer Science and Information Technology,,,Family / Friends,,,,LinkedIn entry is text rather than a profile URL
158,Nour Alfarraj,farrajnourai@gmail.com,+962775973631,,Yes,101315542,Undergraduate,Zarqa University,Artificial Intelligence,"Artificial Intelligence, Data Science and Robotics",,,University Announcements,,,,
159,Nour Ibrahim,22110241@htu.edu.jo,+962797084349,,Yes,101929949,Graduate,Al Hussein Technical University,Data Science and Artificial Intelligence,"Artificial Intelligence, Data Science and Robotics",,,Social Media (LinkedIn / Instagram / Other),,,,
160,Nour Samer Khraim,khraimnour@gmail.com,+962798766636,https://www.linkedin.com/in/nour-khraim,No,,Undergraduate,The University of Jordan,Marketing,Business and Management,,,Family / Friends,,,,
161,Obaida Karam Mousa Migdady,obaidamigdady3@gmail.com,+962786742233,Obaida Migdady,Yes,,Undergraduate,Jordan University of Science and Technology,Cybersecurity,Cybersecurity and Network Security,,,Ambassadors,Obaida Karam Migdady,,,LinkedIn entry is text rather than a profile URL; IEEE member selected Yes but membership ID is missing
162,Obay Nour Aldeen,obn.mas1@gmail.com,+962781796633,L,Yes,102121855,Undergraduate,Philadelphia University,Software Engineering,Computer Science and Information Technology,,,Ambassadors,Taqwa Basim Mahmoud Daoud,,,LinkedIn entry is text rather than a profile URL
163,Omar Fareed Asasfeh,omarmohammadm6@gmail.com,+962780158191,https://www.linkedin.com/in/omar-asasfeh-948a112bb,No,,Undergraduate,The University of Jordan,Business Information Technology,Business and Management,,,Social Media (LinkedIn / Instagram / Other),,,,
164,Omar Moath Nafi Alkhaldi,oalkhaldi420@gmail.com,+962781079862,,Yes,101524928,Academic / Researcher,,,Not Provided,,,IEEE Official Website,,,,
165,Omar Mohammad Alswafin,omar2mohammad25@gmail.com,+962780814644,,Yes,100388691,Graduate,Amman Arab University,Data Science and Artificial Intelligence,"Artificial Intelligence, Data Science and Robotics",,,Ambassadors,Jana Hannoush,,,
166,Omar Shraideh,o.shraideh@hotmail.com,+962790906424,https://www.linkedin.com/in/omar-shraideh,No,,Company / Startup Manager,,,Not Provided,Hafliti,COO,Family / Friends,,,,
167,Osama Hijjawi,asamtalhjawyqymr9@gmail.com,+962775778099,Q,Yes,1111111,Academic / Researcher,,,Not Provided,,,Family / Friends,,,,LinkedIn entry is text rather than a profile URL; IEEE membership ID looks incomplete or like a placeholder; verify; Email Address also used by registration ID 228; retained for review; Phone Number also used by registration ID 228; retained for review
168,Owen Moha’d Abdullah Abdel Gani,owenabdelgani@gmail.com,+962791597809,,Yes,101768776,Undergraduate,Zarqa University,Artificial Intelligence,"Artificial Intelligence, Data Science and Robotics",,,University Announcements,,,,
169,Rahaf Alhijjawi,rahaf.hijjawy999@gmail.com,+962795096109,https://www.linkedin.com/in/rahaf-alhijjawi-93871219a,No,,Company / Startup Manager,,,Not Provided,CrossRealms International,Security & Compliance Team Lead,Family / Friends,,,,
170,Rahaf Mohammad Yousef Deeb,rahaf.deeb07@gmail.com,+962780590103,https://www.linkedin.com/in/rahaf-deeb-7bb2533b0,Yes,102015053,Undergraduate,World Islamic Sciences and Education University,Computer Science,Computer Science and Information Technology,,,University Announcements,,,,
171,Raheeq Abughoush,raheeq.abughoush@gmail.com,+962799623139,https://www.linkedin.com/in/raheeq-abughoush,No,,Graduate,The Hashemite University,Data Science and Artificial Intelligence,"Artificial Intelligence, Data Science and Robotics",,,Social Media (LinkedIn / Instagram / Other),,,,
172,Rama Ahmad Maqableh,ramamgableh11@gmail.com,+962781054636,,Yes,101463305,Undergraduate,Jadara University,Robotics and Artificial Intelligence,"Artificial Intelligence, Data Science and Robotics",,,University Announcements,,,,
173,Rama Mohammed Alhayek,ramaalhayek20@gmail.com,+962778073421,,No,,Undergraduate,The University of Jordan,SLP,Unclassified,,,Family / Friends,,,,Major abbreviation SLP needs confirmation before expansion and categorization
174,Rana Mohammad Ali Alshalout,ranashalout115@gmail.com,+962776802503,,No,,Undergraduate,The University of Jordan,Cybersecurity,Cybersecurity and Network Security,,,Social Media (LinkedIn / Instagram / Other),,,,
175,Raneem Omar Abdulraheem Yousef,raneemy146@gmail.com,+962798790724,,Yes,101986431,Undergraduate,Al-Zaytoonah University of Jordan,Software Engineering,Computer Science and Information Technology,,,Family / Friends,,,,
176,Raneem Waleed Salama Alhorany,raneemalhorany174@gmail.com,+962799399021,,No,,Company / Startup Manager,,,Not Provided,Core Nova,Founder,Family / Friends,,,,
177,Raneem Yousef Abdallah,nazzalraneem2@gmail.com,+962782141083,,Yes,102020191,Undergraduate,Al-Balqa Applied University,Computer Engineering,Engineering,,,Ambassadors,Farah Jammalieh,,,
178,Rashed Zeyad Ali Alzoubi,alzoubi.lieth@gmail.com,+962782107912,Rashed Alzoubi . JUST,Yes,102299447,Undergraduate,Jordan University of Science and Technology,Cybersecurity,Cybersecurity and Network Security,,,Ambassadors,Obaida Karam Migdady,,,LinkedIn entry is text rather than a profile URL
179,Rayan Nedal Alhawamda,rayannedal02@gmail.com,+962793853332,,Yes,101508473,Undergraduate,Jadara University,Robotics and Artificial Intelligence,"Artificial Intelligence, Data Science and Robotics",,,University Announcements,,,,
180,Ro’aa Mohammed Qwaider,qwaider2roaa7@gmail.com,+962795016436,https://www.linkedin.com/in/roaa-qwaider-463bb2389,Yes,102347146,Undergraduate,Jordan University of Science and Technology,Cybersecurity,Cybersecurity and Network Security,,,Ambassadors,Obaida Karam Migdady,,,
181,Roaa Ibrahim Almanasrah,roaaibrahim43@gmail.com,+962788074003,,Yes,101787288,Undergraduate,Zarqa University,Artificial Intelligence,"Artificial Intelligence, Data Science and Robotics",,,Social Media (LinkedIn / Instagram / Other),,,,
182,Sadeen Omar Khraisat,sadeenomarkhr@gmail.com,+962771091567,https://www.linkedin.com/in/sadeen-khraisat-bb8a6b3b5,No,,Graduate,Al-Balqa Applied University,Artificial Intelligence and Robotics Engineering,"Artificial Intelligence, Data Science and Robotics",,,Family / Friends,,,,
183,Saif Mohammad Jaradat,saifjaradat2003@gmail.com,+962780002140,Saif M Jaradat,No,,Undergraduate,Al al-Bayt University,Cybersecurity,Cybersecurity and Network Security,,,Family / Friends,,,,LinkedIn entry is text rather than a profile URL
184,Saja Wael Zaidan,zsaja2412@gmail.com,+962775951432,,Yes,100920142,Undergraduate,Al-Balqa Applied University,Electrical Engineering (Network and Systems Security),Engineering,,,Social Media (LinkedIn / Instagram / Other),,,,
185,Saleh Shajrawi,s.shajrawi1@gmail.com,+962790153393,,No,,Undergraduate,German Jordanian University,Computer Science (Data Science Track),Computer Science and Information Technology,,,University Announcements,,,,
186,Salma Ihsan,20salmaihsan7@gmail.com,+962776408309,,Yes,101825487,Undergraduate,Amman Arab University,Data Science and Artificial Intelligence,"Artificial Intelligence, Data Science and Robotics",,,Ambassadors,Jana Hannoush,,,
187,Salsaabiel Mohammad Derbas,salsabeelderbas2005@gmail.com,+962781539278,,Yes,100821040,Undergraduate,Irbid National University,Software Engineering,Computer Science and Information Technology,,,Ambassadors,Jouly Bawab,,,
188,Sama Al-Rafati,samaalrafati7@gmail.com,+962792020663,https://www.linkedin.com/in/sama-al-rafati,Yes,102678687,Undergraduate,Jordan University of Science and Technology,Cybersecurity,Cybersecurity and Network Security,,,Ambassadors,Obaida Karam Migdady,,,
189,Sana Daien,sanadaien4@gmail.com,+962775573842,https://www.linkedin.com/in/sana-daien-73b81b3b1,Yes,102121887,Undergraduate,Philadelphia University,Software Engineering,Computer Science and Information Technology,,,Social Media (LinkedIn / Instagram / Other),,,,
190,Sarah Thaer Qaddoumi,sarah.thaer.qaddoumi@gmail.com,+962780792498,,Yes,101903368,Undergraduate,Zarqa University,Artificial Intelligence and Robotics Engineering,"Artificial Intelligence, Data Science and Robotics",,,IEEE Official Website,,,,
191,Serena Azzam,serenaalazzam1@gmail.com,+962797033798,,Yes,101464365,Undergraduate,Jadara University,Computer Science,Computer Science and Information Technology,,,Ambassadors,Abdallah Hajaj,,,
192,Shaden Omar Ammar,shaden3mmar@gmail.com,+962789180260,,Yes,,Undergraduate,German Jordanian University,Computer Engineering,Engineering,,,Family / Friends,,,,IEEE member selected Yes but membership ID is missing
193,Shahad Nasser Abumalluh,s.abumallouh2026@gmail.com,+962798247511,https://www.linkedin.com/in/shahad-abumallouh-99a576384,No,,Undergraduate,The University of Jordan,Chemistry,Natural Sciences,,,Family / Friends,,,,
194,Shahed Hilal,shahed.loay567@gmail.com,+962787539913,https://www.linkedin.com/in/shahed-hilal-811025343,No,,Undergraduate,The Hashemite University,Cybersecurity,Cybersecurity and Network Security,,,Other,,,,
195,Shahid Ahmad Bdour,shahidbdour1@gmail.com,+962770576145,,Yes,102274668,Undergraduate,Irbid National University,Cybersecurity,Cybersecurity and Network Security,,,Ambassadors,Jouly Bawab,,,
196,Shaima Suhail Hassan AlShami,shaimashami2007@gmail.com,+962789429909,,No,,Undergraduate,The University of Jordan,Cybersecurity,Cybersecurity and Network Security,,,Social Media (LinkedIn / Instagram / Other),,,,
197,Siwar Nayef Ali Aljoulan,sewaraljoulan07@gmail.com,+962798028360,,Yes,102137880,Undergraduate,German Jordanian University,Computer Engineering,Engineering,,,Social Media (LinkedIn / Instagram / Other),,,,
198,Suhaib Mohammed Telfah,suhaibtelfah1@gmail.com,+962772572109,,Yes,100780632,Undergraduate,Jadara University,Computer Networks and Cybersecurity,Cybersecurity and Network Security,,,Ambassadors,Sarah Jamal Irshaid,,,
199,Sura Almudallal,sura7mdallal@gmail.com,+962792709636,,Yes,101166199,Undergraduate,The University of Jordan,Artificial Intelligence,"Artificial Intelligence, Data Science and Robotics",,,Social Media (LinkedIn / Instagram / Other),,,,
200,Sura Sameer Dumiati,suraaldumiaty11@gmail.com,+962790241309,Sura Dumiati,Yes,102267079,Undergraduate,Yarmouk University,Biomedical Informatics Engineering,Engineering,,,Family / Friends,,,,LinkedIn entry is text rather than a profile URL
201,Tala Kilani,tala.kilani.05@gmail.com,+962791052826,,Yes,101894069,Undergraduate,American University of Madaba,Data Science and Artificial Intelligence,"Artificial Intelligence, Data Science and Robotics",,,University Announcements,,,,
202,Tala Meshael,talamshal@icloud.com,+962797380333,Tala Meshael,Yes,101744789,Undergraduate,Philadelphia University,Software Engineering,Computer Science and Information Technology,,,Ambassadors,Taqwa Basim Mahmoud Daoud,,,LinkedIn entry is text rather than a profile URL
203,Tamara Abdel Rahim Moh'd Sulieman,tamaranofal76@gmail.com,+962798570452,,No,,Undergraduate,University of Petra,Business Intelligence and Data Analytics,Business and Management,,,Social Media (LinkedIn / Instagram / Other),,,,
204,Taqwa Basim Mahmoud Daoud,taqwabasem747@gmail.com,+962781397515,https://www.linkedin.com/in/taqwa-basim-04ai,Yes,101804976,Undergraduate,Philadelphia University,Data Science and Artificial Intelligence,"Artificial Intelligence, Data Science and Robotics",,,Ambassadors,Taqwa Basim Mahmoud Daoud,,,
205,Tasneem Qadri Fareed Tayeh,tasneemtayeh16@gmail.com,+962792005487,https://www.linkedin.com/in/tasneem-tayeh-912915390,Yes,101598294,Undergraduate,World Islamic Sciences and Education University,Computer Science,Computer Science and Information Technology,,,IEEE Official Website,,,,LinkedIn profile URL extracted from mixed name and URL entry
206,Tasnem Khaled Abu Jaddou,tasnemjaddoo9@gmail.com,+962776984238,tasnem khaled jaddou,Yes,102018034,Undergraduate,World Islamic Sciences and Education University,Computer Science,Computer Science and Information Technology,,,Ambassadors,Jamal Ahmad Kifaya,,,LinkedIn entry is text rather than a profile URL
207,Tayf Mohammed Alhelo,alhelotayf@gmail.com,+962799643276,,Yes,101568781,Undergraduate,Amman Arab University,Cybersecurity,Cybersecurity and Network Security,,,Social Media (LinkedIn / Instagram / Other),,,,
208,Tayseer Yaseen,trg4mer99@gmail.com,+962798512979,,Yes,101357590,Undergraduate,Isra University,Computer Science,Computer Science and Information Technology,,,Social Media (LinkedIn / Instagram / Other),,,,
209,Tema Lafi,temasamarah7@gmail.com,+962795095317,temalafi,Yes,101039313,Undergraduate,Philadelphia University,Software Engineering,Computer Science and Information Technology,,,Ambassadors,Jana Hannoush,,,LinkedIn entry is text rather than a profile URL
210,Tolay Khamis,tolaykh@outlook.com,+962798390943,https://www.linkedin.com/in/tolay-khamis-185707320,No,,Undergraduate,The University of Jordan,Computer Information Systems,Computer Science and Information Technology,,,Social Media (LinkedIn / Instagram / Other),,,,
211,Wissam Atef Dyab Abd Alrahman,mhe694139@gmail.com,+962780411187,Wissam Atef,No,,Undergraduate,Philadelphia University,Artificial Intelligence,"Artificial Intelligence, Data Science and Robotics",,,Ambassadors,Taqwa Basim Mahmoud Daoud,,,LinkedIn entry is text rather than a profile URL
212,Yamen Salman Alkofahi,yamenkofahy.dr.1@gmail.com,+962795090752,yamenkofahii@gmail.com,Yes,102647503,Undergraduate,Yarmouk University,Smart and Sustainable Cities Engineering,Engineering,,,University Announcements,,,,LinkedIn entry is text rather than a profile URL
213,Yanal Ehsan Fawzi Shardo,itsyanal889@gmail.com,+962775467707,,Yes,102236453,Undergraduate,The University of Jordan,Artificial Intelligence,"Artificial Intelligence, Data Science and Robotics",,,University Announcements,,,,
214,Yara Assaf,yaraassaf656@yahoo.com,+962791860241,,No,,Undergraduate,The University of Jordan,Artificial Intelligence,"Artificial Intelligence, Data Science and Robotics",,,IEEE Official Website,,,,
215,Yara Mahmmoud Qasim Alsyouf,yarasyouf61@gmail.com,+962776799997,,No,,Undergraduate,The University of Jordan,Cybersecurity,Cybersecurity and Network Security,,,Family / Friends,,,,
216,Yara Omar Abozanonah,yaraabozanonah@gmail.com,+962780284610,Yara Abo Zanonah,Yes,101602798,Undergraduate,World Islamic Sciences and Education University,Software Engineering,Computer Science and Information Technology,,,Ambassadors,Jamal Ahmad Kifaya,,,LinkedIn entry is text rather than a profile URL
217,YazanKewan,yazankewan2005@gmail.com,+962782145737,,No,,Other,,,Not Provided,,,Family / Friends,,,,
218,Yazeed Ali Al-Idamat,fffox2024@outlook.com,+962770325083,,Yes,100767132,Undergraduate,The University of Jordan,Artificial Intelligence,"Artificial Intelligence, Data Science and Robotics",,,Other,,,,
219,Yousef Motasem Al-Syouf,plplosordz@gmail.com,+962797514251,https://www.linkedin.com/in/yousef-syouf-7a9271324,No,,Undergraduate,The University of Jordan,Business Information Technology,Business and Management,,,Ambassadors,Abdelrahman Suhaib Bani Issa,,,
220,Yousef Yasin,yousefyasin694@gmail.com,+962796047615,,Yes,100828756,Undergraduate,Amman Arab University,Data Science and Artificial Intelligence,"Artificial Intelligence, Data Science and Robotics",,,Family / Friends,,,,
221,Zaid Alhader,alhaderzaed65@gmail.com,+962780431532,,Yes,101330586,Undergraduate,Isra University,Computer Science,Computer Science and Information Technology,,,Ambassadors,Zaid Alhader,,,
222,Zaid Mresh,zaidmresh1@gmail.com,+962792015176,,Yes,,Undergraduate,The University of Jordan,Computer Information Systems,Computer Science and Information Technology,,,Other,,,,IEEE member selected Yes but membership ID is missing
223,Zaid Oasama Mohamad Alsoror,zaidmsaeed12.1@gmail.com,+962782026332,Zaid Al-Surour,No,,Academic / Researcher,,,Not Provided,,,Other,,,,LinkedIn entry is text rather than a profile URL
224,Zaid Qassas,zoiqassas@gmail.com,+962796602540,,Yes,100082282,Undergraduate,German Jordanian University,Computer Engineering,Engineering,,,Family / Friends,,,,
225,Zaina Munther Momani,zainamomani26@gmail.com,+962790764142,,Yes,101776082,Undergraduate,The University of Jordan,Computer Science,Computer Science and Information Technology,,,Social Media (LinkedIn / Instagram / Other),,,,
226,Amal Mohammad Hilal Al-Atin,amal.m.alkhaldi@gmail.com,+962788731592,,No,,Company / Startup Manager,,,Not Provided,Atheer for Youth Development,Zarqa,Social Media (LinkedIn / Instagram / Other),,,,Position contains the city Zarqa rather than a job title; Organization translation assumes the intended word is development despite a source typo
227,Sami Raed Shaaban Al-Khalili,samialkalili2006@gamil.com,+962781221981,,Yes,101668353,Undergraduate,Zarqa University,Artificial Intelligence,"Artificial Intelligence, Data Science and Robotics",,,Family / Friends,,,,
228,Mohammad Bilal Qaddoura,asamtalhjawyqymr9@gmail.com,+962775778099,A,No,,Investor,,,Not Provided,Qa,P,Social Media (LinkedIn / Instagram / Other),,,,LinkedIn entry is text rather than a profile URL; Position is a single letter; verify; Email Address also used by registration ID 167; retained for review; Phone Number also used by registration ID 167; retained for review
